INSERT INTO SCHOOL VALUES (33120541, 'GGPS CHAK 194 RB I KHURRIANWALA', 'Morning', 'Primary', 1962, 'Urdu', 328, 8);
INSERT INTO SCHOOL VALUES(33120761, 'GHSS KHURRIANWALA', 'Morning', 'H.Sec.', 1914, 'English', 2845, 60);
INSERT INTO SCHOOL VALUES (36320274, 'GPS DHARAM PURA', 'Morning', 'Primary', 1964, 'Both', 357, 11);
INSERT INTO SCHOOL VALUES (37150001, 'GHSS HASSAN ABDAL', 'Morning', 'H.Sec.', 1895, 'English', 1164, 45);
INSERT INTO SCHOOL VALUES(37340043, 'GPS MOHRA SHAH WALI', 'Morning', 'Primary', 1970, 'Both', 166, 4);
INSERT INTO SCHOOL VALUES(34110398, 'GGES AMRAT PURA', 'Morning', 'Middle', 1970, 'English', 220, 9);
INSERT INTO SCHOOL VALUES (38410491, 'GGPS MANZOOR HAYAT COLONY BHALWAL', 'Morning', 'Primary', 1973, 'Urdu', 268, 7);
INSERT INTO SCHOOL VALUES (33420383, 'GPS MC LAHORI GATE', 'Morning', 'Primary', 1947, 'Both', 157, 4);
INSERT INTO SCHOOL VALUES(33110019, 'GPS CHAK 214 RB E', 'Double', 'Primary', 1968, 'Urdu', 353, 9);
INSERT INTO SCHOOL VALUES(36630189, 'GGPS WARD NO 10', 'Morning', 'Primary', 1993, 'Urdu', 184, 7);
INSERT INTO SCHOOL VALUES(32330436, 'GGPS PIPAL WALA', 'Morning', 'Primary', 1976, 'Urdu', 103, 4);
INSERT INTO SCHOOL VALUES(39220044, 'GES NO. 1 ARIF WALA', 'Morning', 'Middle', 1926, 'English', 650, 20);
INSERT INTO SCHOOL VALUES(33160063, 'GPS NO 3 TANDLIANWALA', 'Morning', 'Primary', 1971, 'Both', 66, 3);
INSERT INTO SCHOOL VALUES(33160065, 'GPS NO 6 TANDLIANWALA', 'Morning', 'Primary', 1995, 'English', 70, 4);
INSERT INTO SCHOOL VALUES (37440492, 'GGPS BHOUN NO. 2', 'Morning', 'Primary', 1979, 'Both', 83, 4);


INSERT INTO Union_council VALUES (1, 'mc');
INSERT INTO Union_council VALUES (2, 'MC Mailsi Ward 11');
INSERT INTO Union_council VALUES (3, 'MC Hassanabdal');
INSERT INTO Union_council VALUES (4, 'Mc Taxila');
INSERT INTO Union_council VALUES (5, '0');
INSERT INTO Union_council VALUES (6, 'Mc Bhalwal');
INSERT INTO Union_council VALUES (7, 'MC Chiniot');
INSERT INTO Union_council VALUES (8, 'Himmatpura');
INSERT INTO Union_council VALUES (9, 'MUNICIPAL COMMITTEE');
INSERT INTO Union_council VALUES (10, 'MC Muzaffargarh');
INSERT INTO Union_council VALUES (11, 'MC');
INSERT INTO Union_council VALUES (12, 'No');
INSERT INTO Union_council VALUES (13, 'CC TANDLIANWALA');
INSERT INTO Union_council VALUES (14, 'bhoun');
INSERT INTO Union_council VALUES (15, 'Khurianwala');



INSERT INTO GAME VALUES (1, 'Football');  
INSERT INTO GAME VALUES (2, 'Badminton');
INSERT INTO GAME VALUES (3, 'Cricket');
INSERT INTO GAME VALUES (4, 'Race');
INSERT INTO GAME VALUES (5, 'Volley Ball');
INSERT INTO GAME VALUES (6, 'Table Tennis');
INSERT INTO GAME VALUES (7, 'Botel Kicker');
INSERT INTO GAME VALUES (8, 'Tug of war');
INSERT INTO GAME VALUES (9, 'Luddo');
INSERT INTO GAME VALUES (10, 'Chess');
INSERT INTO GAME VALUES (11, 'Foss ball');
INSERT INTO GAME VALUES (12, 'Cards');
INSERT INTO GAME VALUES (13, 'Hockey');
INSERT INTO GAME VALUES (14, 'Basket Ball');
INSERT INTO GAME VALUES (15, 'Archery');



INSERT INTO LAB VALUES (1, 'Physics');
INSERT INTO LAB VALUES (2, 'Chemistry');
INSERT INTO LAB VALUES (3, 'Computer');
INSERT INTO LAB VALUES (4, 'AI');
INSERT INTO LAB VALUES (5, 'Biology');
INSERT INTO LAB VALUES (6, 'Electric Machine');
INSERT INTO LAB VALUES (7, 'Electric desing');
INSERT INTO LAB VALUES (8, 'Machine Learning');
INSERT INTO LAB VALUES (9, 'DSA');
INSERT INTO LAB VALUES (10, 'DB');
INSERT INTO LAB VALUES (11, 'PF');
INSERT INTO LAB VALUES (12, 'Programming');
INSERT INTO LAB VALUES (13, 'OOP');
INSERT INTO LAB VALUES (14, 'Coal');
INSERT INTO LAB VALUES (15, 'Data Sience');




INSERT INTO GAMESCHOOL VALUES (33120761, 1);
INSERT INTO GAMESCHOOL VALUES (36320274, 2);
INSERT INTO GAMESCHOOL VALUES (37150001, 3);
INSERT INTO GAMESCHOOL VALUES (37340043, 4);
INSERT INTO GAMESCHOOL VALUES (34110398, 5);
INSERT INTO GAMESCHOOL VALUES (38410491, 6);
INSERT INTO GAMESCHOOL VALUES (33420383, 7);
INSERT INTO GAMESCHOOL VALUES (33110019, 8);
INSERT INTO GAMESCHOOL VALUES (36630189, 9);
INSERT INTO GAMESCHOOL VALUES (32330436, 10);
INSERT INTO GAMESCHOOL VALUES (39220044, 11);
INSERT INTO GAMESCHOOL VALUES (33160063, 12);
INSERT INTO GAMESCHOOL VALUES (33160065, 13);
INSERT INTO GAMESCHOOL VALUES (37440492, 14);
INSERT INTO GAMESCHOOL VALUES (33120541, 15);


INSERT INTO BUILDING VALUES (1, 87040, 0, 0, 1, 1, 1, 13, 16, 1, 44, 33120761);

INSERT INTO BUILDING VALUES(2, 8160, 10, 0, 0, 1, 0, 6, NULL, 1, 11, 36320274);

INSERT INTO BUILDING VALUES(3, 59024, 18, 5, 1, 0, 1, 7, 16, 0, 30, 37150001);

INSERT INTO BUILDING VALUES(4, 2176, 1, 9, 0, 0, 0, 6, NULL, 0, 5, 37340043);

INSERT INTO BUILDING VALUES(5, 2720, 10, 0, 1, 0, 0, 9, NULL, 0, 9, 34110398);

INSERT INTO BUILDING VALUES(6, 1360, 5, 20, 0, 0, 0, 6, NULL, 0, 3, 38410491);

INSERT INTO BUILDING VALUES(7, 3808, 4, 0, 0, 0, 1, 6, NULL, 0, 4, 33420383);

INSERT INTO BUILDING VALUES(8, 5020, 16, 16, 0, 1, 1, 7, NULL, 1, 9, 33110019);

INSERT INTO BUILDING VALUES(9, 1632, 14, 0, 0, 0, 1, 6, NULL, 0, 2, 36630189);

INSERT INTO BUILDING VALUES(10, 5445, 10, 10, 0, 0, 0, 6, NULL, 1, 3, 32330436);

INSERT INTO BUILDING VALUES(11, 10336, 2, 6, 1, 1, 0, 9, 7, 1, 16, 39220044);

INSERT INTO BUILDING VALUES(12, 3000, 6, 9, 0, 0, 0, 6, NULL, 0, 2, 33160063);

INSERT INTO BUILDING VALUES(13, 2992, 4, 15, 0, 0, 0, 6, NULL, 1, 2, 33160065);

INSERT INTO BUILDING VALUES(14, 2855, 13, 0, 0, 1, 0, 6, NULL, 1, 4, 37440492);

INSERT INTO BUILDING VALUES(15, 6256, 4, 7, 0, 0, 1, 6, NULL, 0, 8, 33120541);


INSERT INTO BUILDING_LAB VALUES (1, 1); 
INSERT INTO BUILDING_LAB VALUES (2, 2);
INSERT INTO BUILDING_LAB VALUES (3, 3);
INSERT INTO BUILDING_LAB VALUES (4, 4);
INSERT INTO BUILDING_LAB VALUES (5, 5);
INSERT INTO BUILDING_LAB VALUES (6, 6);
INSERT INTO BUILDING_LAB VALUES (7, 7);
INSERT INTO BUILDING_LAB VALUES (8, 8);
INSERT INTO BUILDING_LAB VALUES (9, 9);
INSERT INTO BUILDING_LAB VALUES (10, 10);
INSERT INTO BUILDING_LAB VALUES (11, 11);
INSERT INTO BUILDING_LAB VALUES (12, 12);
INSERT INTO BUILDING_LAB VALUES (13, 13);
INSERT INTO BUILDING_LAB VALUES (14, 14);
INSERT INTO BUILDING_LAB VALUES (15, 15);




Insert into contact_info values (1, 'FAISALABAD', 'JARANWALA', 'JARANWALA', 33120761, 'SECONDARY-WING', 'khurrianwala', 'khurrianwala', 1);
Insert into contact_info values (2, 'VEHARI', 'MAILSI', 'MAILSI', 36320274, 'MAILSI EAST', 'Mailsi City', 'Mailsi', 2);
Insert into contact_info values (3, 'ATTOCK', 'HASSANABDAL', 'HASSANABDAL', 37150001, 'SECONDARY-WING HASSANABDAL', NULL, NULL, 3);
Insert into contact_info values (4, 'RAWALPINDI', 'TAXILA', 'TAXILA', 37340043, 'TAXILA', 'Mohra Shah Wali', 'Mohra Shah Wali Shah', 4);
Insert into contact_info values (5, 'GUJRANWALA', 'GUJRANWALA CITY', 'GUJRANWALA CITY', 34110398, 'GUJRANWALA CITY 5', 'Rahwali', 'Amrat Pura', 5);
Insert into contact_info values (6, 'SARGODHA', 'BHALWAL', 'BHALWAL', 38410491, 'BHALWAL', 'Bhalwal', 'Bhalwal', 6);
Insert into contact_info values (7, 'CHINIOT', 'CHINIOT', 'CHINIOT', 33420383, 'AEO (M) CHINIOT NO.42', 'Chiniot', 'Chiniot', 7);
Insert into contact_info values (8, 'FAISALABAD', 'FAISALABAD CITY', 'FAISALABAD CITY', 33110019, 'CITY 2', '214 RB', 'Dhudiwala East', 8);
Insert into contact_info values (9, 'LODHRAN', 'DUNYAPUR', 'DUNYAPUR', 36630189, 'DUNYAPUR', 'DUNYA PUR', 'DUNYA PUR', 9);
Insert into contact_info values (10, 'MUZAFFARGARH', 'MUZAFFARGARH', 'MUZAFFARGARH', 32330436, 'MUZAFFARGARH', 'Lutkara', 'Pipal Wala', 10);
Insert into contact_info values (11, 'PAKPATTAN', 'ARIFWALA', 'ARIFWALA', 39220044, 'ARIFWALA 1', 'Urban', 'Arifwala', 11);
Insert into contact_info  values (12, 'FAISALABAD', 'TANDLIAN WALA', 'TANDLIAN WALA', 33160063, 'TANDLIANWALA 1', 'Tandlianwala', NULL, 12);
Insert into contact_info values (13, 'FAISALABAD', 'TANDLIAN WALA', 'TANDLIAN WALA', 33160065, 'TANDLIANWALA 1', 'Tandlianwala', 'Iqbal Colony', 13);
Insert into contact_info values (14, 'CHAKWAL', 'KALLAR KAHAR', 'KALLAR KAHAR', 37440492, 'BHOUN', 'bhoun', 'bhoun', 14);
Insert into contact_info values  (15, 'FAISALABAD',  'JARANWALA', 'JARANWALA', 33120541, 'KHURRIANWALA 2', 'Lathianwala','Lathianwala', 15);



INSERT INTO head VALUES(1, 'KHALID MANZOOR', 'Permanent', 19, 33120761);

INSERT INTO head VALUES(2, 'Muhammad Tahir', 'Permanent', 14, 36320274);

INSERT INTO head VALUES(3, 'MUHAMMAD ASAD', 'Permanent', 19, 37150001);

INSERT INTO head VALUES(4, 'Nosheen Bibi', 'Permanent', 14, 37340043);

INSERT INTO head VALUES(5, 'Kausar Parveen', 'Permanent', 16, 34110398);

INSERT INTO head VALUES(6, 'Tasswar Sultana', 'Permanent', 14, 38410491);

INSERT INTO head VALUES(7, 'Muhammad Naeem-ud-din', 'Permanent', 14, 33420383);

INSERT INTO head VALUES(8, 'Nauman Nazir', 'Permanent', 14, 33110019);

INSERT INTO head VALUES(9, 'Amtul aziz', 'Permanent', 14, 36630189);

INSERT INTO head VALUES(10, 'Sajida Parveen', 'Permanent', 14, 32330436);

INSERT INTO head VALUES(11, 'Shakeel Ahmad', 'Additional Charge', 16, 39220044);

INSERT INTO head VALUES(12, 'Rizwan Safdar', 'Permanent', 14, 33160063);

INSERT INTO head VALUES(13, 'Muhammad abbas', 'Permanent', 14, 33160065);

INSERT INTO head VALUES(14, 'Nazia Ijaz', 'Permanent', 14, 37440492);

INSERT INTO head VALUES(15, 'Afshan Majeed', 'Permanent', 14, 33120541);

